{
  "type": "datasource",
  "name": "InfluxDB Adecwatts",
  "id": "influxdb-adecwatts-datasource",
  "category": "tsdb",

  "defaultMatchFormat": "regex values",
  "metrics": true,
  "logs": true,
  "annotations": true,
  "alerting": true,
  "backend": false,

  "queryOptions": {
    "minInterval": true
  },

  "info": {
    "description": "Open source time series database",
    "author": {
      "name": "Grafana Labs",
      "url": "https://grafana.com"
    },
    "logos": {
      "small": "img/influxdb_logo.svg",
      "large": "img/influxdb_logo.svg"
    },
    "links": [
      { "name": "Raise issue", "url": "https://github.com/grafana/grafana/issues/new" },
      { "name": "Documentation", "url": "https://grafana.com/docs/grafana/latest/datasources/influxdb/" }
    ]
  }
}
